partnum,margin
733648000,11003367.44
734370000,10627732.81
735602000,10543453.82
764821000,4022430.4900000007
764901000,2419071.6299999994
